model,accuracy,macro_precision,macro_recall,macro_f1,weighted_f1,precision_cls1,recall_cls1,f1_cls1,precision_cls2,recall_cls2,f1_cls2,precision_cls3,recall_cls3,f1_cls3
logistic_multinomial,0.9061032863849765,0.7964854808703389,0.860678705742457,0.8251128368511882,0.9091945673777164,0.9779179810725552,0.9365558912386707,0.9567901234567902,0.6615384615384615,0.7288135593220338,0.6935483870967742,0.75,0.9166666666666666,0.825
xgboost_multiclass,0.9577464788732394,0.9266898477424794,0.918942010267731,0.9227292311006478,0.957431718130414,0.975975975975976,0.9818731117824774,0.9789156626506024,0.8596491228070176,0.8305084745762712,0.8448275862068966,0.9444444444444444,0.9444444444444444,0.9444444444444444
