task,model,accuracy,f1,sensitivity,specificity,ppv,npv,prevalence,auc
highrisk_vs_normal,logistic_multinomial,0.9342723004694836,0.8627450980392157,0.9263157894736842,0.9365558912386707,0.8073394495412844,0.9779179810725552,0.22300469483568075,0.981300683733503
highrisk_vs_normal,xgboost_multiclass,0.9671361502347418,0.925531914893617,0.9157894736842105,0.9818731117824774,0.9354838709677419,0.975975975975976,0.22300469483568075,0.9914453808236603
